ID,Employee_ID,Asset_ID,AssignedDate,ReturnDate,Status
a0000001-0000-0000-0000-000000000001,22222222-2222-2222-2222-222222222222,a2222222-2222-2222-2222-222222222222,2026-02-15,,ASSIGNED
a0000002-0000-0000-0000-000000000002,44444444-4444-4444-4444-444444444444,a4444444-4444-4444-4444-444444444444,2026-03-10,,ASSIGNED
a0000003-0000-0000-0000-000000000003,66666666-6666-6666-6666-666666666666,a6666666-6666-6666-6666-666666666666,2026-03-20,,ASSIGNED
a0000004-0000-0000-0000-000000000004,88888888-8888-8888-8888-888888888888,a8888888-8888-8888-8888-888888888888,2026-04-05,,ASSIGNED
a0000005-0000-0000-0000-000000000005,99999999-9999-9999-9999-999999999999,cccccccc-cccc-cccc-cccc-cccccccccccc,2026-05-05,,ASSIGNED
a0000006-0000-0000-0000-000000000006,11111111-1111-1111-1111-111111111111,a7777777-7777-7777-7777-777777777777,2026-04-10,2026-06-10,RETURNED
a0000007-0000-0000-0000-000000000007,33333333-3333-3333-3333-333333333333,a9999999-9999-9999-9999-999999999999,2026-04-15,2026-07-15,RETURNED
a0000008-0000-0000-0000-000000000008,55555555-5555-5555-5555-555555555555,a3333333-3333-3333-3333-333333333333,2026-05-01,2026-08-01,RETURNED
a0000009-0000-0000-0000-000000000009,77777777-7777-7777-7777-777777777777,a5555555-5555-5555-5555-555555555555,2026-05-15,2026-08-15,RETURNED
a0000010-0000-0000-0000-000000000010,aaaaaaaa-aaaa-aaaa-aaaa-aaaaaaaaaaaa,a1111111-1111-1111-1111-111111111111,2026-06-01,2026-09-01,RETURNED