ID,FirstName,LastName,Email,Department
11111111-1111-1111-1111-111111111111,John,Smith,john.smith@example.com,IT
22222222-2222-2222-2222-222222222222,Sarah,Johnson,sarah.johnson@example.com,HR
33333333-3333-3333-3333-333333333333,Michael,Brown,michael.brown@example.com,Finance
44444444-4444-4444-4444-444444444444,Emily,Davis,emily.davis@example.com,Marketing
55555555-5555-5555-5555-555555555555,Daniel,Wilson,daniel.wilson@example.com,Operations
66666666-6666-6666-6666-666666666666,Jessica,Miller,jessica.miller@example.com,IT
77777777-7777-7777-7777-777777777777,Robert,Moore,robert.moore@example.com,Finance
88888888-8888-8888-8888-888888888888,Olivia,Taylor,olivia.taylor@example.com,HR
99999999-9999-9999-9999-999999999999,William,Anderson,william.anderson@example.com,Operations
aaaaaaaa-aaaa-aaaa-aaaa-aaaaaaaaaaaa,Sophia,Thomas,sophia.thomas@example.com,Marketing