ID,AssetName,AssetType,SerialNumber,PurchaseDate,Price,Status
a1111111-1111-1111-1111-111111111111,Dell Latitude 7440,Laptop,DL7440-001,2026-01-15,1250.00,AVAILABLE
a2222222-2222-2222-2222-222222222222,Dell Latitude 5440,Laptop,DL5440-002,2026-02-10,1050.00,ASSIGNED
a3333333-3333-3333-3333-333333333333,HP EliteBook 840,Laptop,HP840-003,2026-02-18,1180.00,AVAILABLE
a4444444-4444-4444-4444-444444444444,Lenovo ThinkPad T14,Laptop,LT14-004,2026-03-05,1150.00,ASSIGNED
a5555555-5555-5555-5555-555555555555,Dell UltraSharp Monitor,Monitor,DU2723-005,2026-01-20,450.00,AVAILABLE
a6666666-6666-6666-6666-666666666666,LG 27 inch Monitor,Monitor,LG27-006,2026-02-25,380.00,ASSIGNED
a7777777-7777-7777-7777-777777777777,iPhone 15,Phone,IP15-007,2026-03-12,799.00,AVAILABLE
a8888888-8888-8888-8888-888888888888,Samsung Galaxy S24,Phone,SGS24-008,2026-03-15,749.00,ASSIGNED
a9999999-9999-9999-9999-999999999999,iPad Air,Tablet,IPAIR-009,2026-04-01,599.00,AVAILABLE
aaaaaaaa-aaaa-aaaa-aaaa-aaaaaaaaaaaa,Samsung Galaxy Tab S9,Tablet,SGT9-010,2026-04-08,699.00,REPAIR
bbbbbbbb-bbbb-bbbb-bbbb-bbbbbbbbbbbb,Dell Latitude 7340,Laptop,DL7340-011,2026-04-15,1100.00,AVAILABLE
cccccccc-cccc-cccc-cccc-cccccccccccc,HP ProBook 450,Laptop,HPP450-012,2026-05-01,900.00,ASSIGNED
dddddddd-dddd-dddd-dddd-dddddddddddd,Apple MacBook Air,Laptop,MBA-013,2026-05-10,1199.00,RETIRED
eeeeeeee-eeee-eeee-eeee-eeeeeeeeeeee,Logitech MX Keys,Monitor,LMX-014,2026-05-20,120.00,AVAILABLE
ffffffff-ffff-ffff-ffff-ffffffffffff,Google Pixel 9,Phone,GP9-015,2026-06-01,799.00,AVAILABLE